Croptype,Province,Quarter 1 1987,Quarter 2 1987,Quarter 3 1987,Quarter 4 1987,Quarter 1 1988,Quarter 2 1988,Quarter 3 1988,Quarter 4 1988,Quarter 1 1989,Quarter 2 1989,Quarter 3 1989,Quarter 4 1989,Quarter 1 1990,Quarter 2 1990,Quarter 3 1990,Quarter 4 1990,Quarter 1 1991,Quarter 2 1991,Quarter 3 1991,Quarter 4 1991,Quarter 1 1992,Quarter 2 1992,Quarter 3 1992,Quarter 4 1992,Quarter 1 1993,Quarter 2 1993,Quarter 3 1993,Quarter 4 1993,Quarter 1 1994,Quarter 2 1994,Quarter 3 1994,Quarter 4 1994,Quarter 1 1995,Quarter 2 1995,Quarter 3 1995,Quarter 4 1995,Quarter 1 1996,Quarter 2 1996,Quarter 3 1996,Quarter 4 1996,Quarter 1 1997,Quarter 2 1997,Quarter 3 1997,Quarter 4 1997,Quarter 1 1998,Quarter 2 1998,Quarter 3 1998,Quarter 4 1998,Quarter 1 1999,Quarter 2 1999,Quarter 3 1999,Quarter 4 1999,Quarter 1 2000,Quarter 2 2000,Quarter 3 2000,Quarter 4 2000,Quarter 1 2001,Quarter 2 2001,Quarter 3 2001,Quarter 4 2001,Quarter 1 2002,Quarter 2 2002,Quarter 3 2002,Quarter 4 2002,Quarter 1 2003,Quarter 2 2003,Quarter 3 2003,Quarter 4 2003,Quarter 1 2004,Quarter 2 2004,Quarter 3 2004,Quarter 4 2004,Quarter 1 2005,Quarter 2 2005,Quarter 3 2005,Quarter 4 2005,Quarter 1 2006,Quarter 2 2006,Quarter 3 2006,Quarter 4 2006,Quarter 1 2007,Quarter 2 2007,Quarter 3 2007,Quarter 4 2007,Quarter 1 2008,Quarter 2 2008,Quarter 3 2008,Quarter 4 2008,Quarter 1 2009,Quarter 2 2009,Quarter 3 2009,Quarter 4 2009,Quarter 1 2010,Quarter 2 2010,Quarter 3 2010,Quarter 4 2010,Quarter 1 2011,Quarter 2 2011,Quarter 3 2011,Quarter 4 2011,Quarter 1 2012,Quarter 2 2012,Quarter 3 2012,Quarter 4 2012,Quarter 1 2013,Quarter 2 2013,Quarter 3 2013,Quarter 4 2013,Quarter 1 2014,Quarter 2 2014,Quarter 3 2014,Quarter 4 2014,Quarter 1 2015,Quarter 2 2015,Quarter 3 2015,Quarter 4 2015,Quarter 1 2016,Quarter 2 2016,Quarter 3 2016,Quarter 4 2016,Quarter 1 2017,Quarter 2 2017,Quarter 3 2017,Quarter 4 2017,Quarter 1 2018,Quarter 2 2018,Quarter 3 2018,Quarter 4 2018,Quarter 1 2019,Quarter 2 2019,Quarter 3 2019,Quarter 4 2019,Quarter 1 2020,Quarter 2 2020,Quarter 3 2020,Quarter 4 2020,Quarter 1 2021,Quarter 2 2021,Quarter 3 2021,Quarter 4 2021,Quarter 1 2022,Quarter 2 2022,Quarter 3 2022,Quarter 4 2022,Quarter 1 2023,Quarter 2 2023,Quarter 3 2023,Quarter 4 2023,Quarter 1 2024,Quarter 2 2024
Irrigated Palay,Aklan,19309,8971,7603,15727,23007,4255,16790,11766,23987,59,10929,33771,21293,298,22809,5085,25502,150,17026,12553,24351,16,17638,21330,54144,200,17482,25720,43151,2150,27780,13450,39944,3190,19402,15927,29869,5471,26708,9498,33827,2524,13163,24047,36162,421,23522,6451,30612,12098,27603,10809,22510,8843,20974,26403,31323,3718,21005,23918,34809,3292,11457,27650,33055,5521,13055,24250,41162,6370,34587,11520,40856,4425,16582,23369,34273,4337,32678,11493,33599,3069,21865,20523,24497,3502,28969,17173,18985,4123,27234,22336,25378,2572,3774,30212,24369,6009,24775,11297,26842,4626,13967,25082,25285,8199,15455,25075,19365,5399,10325,22458,20375,3810,2955,31978,20458,4757,11345,21375,26077,8457,14621,22436,26645,7037,15315,13208.3,20353,3852,5379.78,21827,25606.21,6621,17636,19146.4,15923,7294,11342.25,24523,21812.54,7994.02,12843.31,20642.7,17725.19,4504,8023.29,20508.02,16674,2113
,Antique,28275,7440,8542,22786,24485,4366,13921,13356,21120,3729,15089,26671,20790,3334,16471,22696,30597,4520,6171,62401,28056,2810,6510,63130,27500,4331,7100,56960,26667,12456,19202,18554,24908,13650,19500,28834,47435,27540,29568,36674,38001,27875,42147,27808,35420,18863,48541,36278,43891,29977,37824,33279,42864,33616,48053,44053,48640,27190,43200,42998,47424,26249,48744,48392,19894,8406,59272,50078,41501,16700,52548,28454,34448,19828,55789,45830,50836,19472,51760,40233,49726,18455,51719,49709,50797,22687,46949,42991,45332,24471,50757,42727,29619,7471,36955,57262,54555,19394,56374,53661,44609,19238,55745,55663,49673,18263,57611,55974,49980,15060,55669,61726,48750,14943,53947,66221,45861,10765,53218,64582,49432,13602,55597,63584,50257,17229,55008,69119,52421,12872,44421,85940.5,22272,13168,60530,49672,48388,19917,60870,51816,48447,19146,68364,46723.97,49682.35,16465.82,47858.7,46714.9,44793.44,12032.2
,Capiz,18540,805,406,21903,17872,0,18969,7314,17981,1178,22157,4769,13383,406,21316,8304,18830,454,9191,18561,22623,1034,13479,13968,24508,957,5200,22051,20440,6079,20719,10435,20460,8160,23470,7980,15510,13252,23275,10304,17565,5681,16863,11615,10654,7797,9568,15894,20860,15847,19498,12418,19058,15411,23538,10796,16234,14778,23870,13389,19847,14901,20894,19672,30469,12161,27269,23805,24356,26243,27784,23074,24848,23944,26172,24066,25547,22250,29277,22805,25045,24881,35291,31129,23032,27870,25640,44400,25757,26220,30563,44956,26558,17610,25879,40950,25583,25040,26600,29147,25495,20449,27261,32563,30330,20998,27886,18792,21798,20139,28495,33674,16492,18525,30651,31894,25770,13277,30318,29579,31913,21775,35581,24735,22924,25142,32029,28168,27769,11932,19700,37405,35160,17306.4,34738,28142.68,32349,20385.28,36698.08,27671.8,32306.3,12063,34517.3,25112.06,34479.18,14151.29,26893.6,16226.75,34625.3,12522.75
,Guimaras,0,0,0,0,0,0,0,0,0,0,0,0,0,0,0,0,0,0,0,0,0,0,0,0,0,0,0,0,7123,2715,3658,840,1318,83,528,2830,1750,450,2395,1077,1814,785,2377,3775,1900,20,3690,4205,3278,727,3841,2026,2808,1286,3417,4350,3744,1144,3774,3751,1958,1104,0,5385,4410,98,5000,3120,1771,95,4331,3542,3106,204,5460,2290,3835,158,4779,3465,2727,150,4086,4734,3487,865,4665,4600,3709,606,5553,3844,3081,592,3925,3703,3382,1745,6113,3709,3993,1935,5899,4795,2331,331,4400,3604,3352,629,3906,4932,2413,205,2168,5396,1173,9,2863,5211,2293,305,2842,6569,2534,128,3930,4715,3531,138,1489,6899,4193,531,5808,5915,4073,734,3883,7044,4328,911,6036,5334,5139,1020,4047,6451,3837,344
,Iloilo,58187,14743,6823,81600,81691,1256,57985,65076,64347,13224,58080,62832,34560,1364,62292,67462,68024,7096,25787,93044,57719,9950,20571,172674,108667,15953,50097,227952,118772,28008,152520,90972,98516,12251,99932,124640,134940,27060,116543,86044,110199,17491,95763,116920,71414,2515,47141,107024,131854,45492,96020,92070,110360,28875,116759,116001,102830,39416,113296,109431,116070,44852,77814,173051,134305,11776,185564,117048,159306,22825,199757,99221,143907,28964,102423,135653,170422,31611,183458,144479,114296,31619,165152,151911,185904,49450,168953,143300,156278,52952,211560,127115,109913,4500,89033,170960,171598,42270,158760,111589,148351,29393,165862,109240,129786,18584,121607,117725,145713,19705,90785,137053,148411,13342,90543,164974,113738,9251,62021,151431,156497,12592,131221,96698,142934,13276,135362,94402,130071,10094,75365,130331,146459,12428.99,112294,144550,156659,18136,136672,105414,148946,14692,144971,106234,155663,9195.87,130644,160041.35,149292,6048.66
Rainfed Palay,Aklan,8130,5640,1116,9775,12195,1220,4014,5982,12101,0,3893,415,12283,87,12505,1765,14006,0,12059,2372,13615,0,6120,7380,16943,0,305,17273,14339,0,11959,3015,16014,1029,10499,6173,17925,1571,17185,2426,18891,911,1831,16802,15433,0,4585,12650,15943,1625,18136,8698,11461,9275,16007,8456,18107,4604,9071,12120,23333,414,6429,19084,24314,3969,4431,22885,31791,4498,22991,3406,32241,1274,15791,15894,22133,2134,23046,6061,21611,900,6768,33239,14086,3746,21958,15387,14751,8061,27453,17414,17680,0,2298,21711,21630,6595,24016,7966,21694,4860,9418,23156,19946,4671,12648,24014,17160,4028,4026,21951,17452,2853,2213,24693,16677,1829,7241,17789,18868,3102,14165,14071,18757,2690,14046,8909.5,18889,2043,3048.96,18769.84,16379.64,3617,12676.3,20624.64,11871,4415,9578.86,21600,16521.21,5092.84,9954.34,16719.65,9302.54,2674,5730.06,16471.88,10419,797
,Antique,3890,0,10424,15838,4450,0,13376,12973,5055,0,10268,10268,972,0,9719,11182,5424,0,7629,18770,4404,0,6492,16916,3920,0,5929,22785,4635,0,11373,11651,1484,0,8454,15774,6563,324,15750,18598,3318,154,24461,13597,660,0,22763,14668,4929,2520,19454,7350,3932,1710,21112,16028,5246,1222,16320,15698,5786,606,23526,21242,8985,0,39224,31195,8159,0,37094,29632,6880,0,31215,38346,8270,0,27591,31992,8611,0,25918,39039,13398,1251,32809,33472,11029,1555,47726,27316,3531,0,29318,47310,16455,1398,52793,32406,8189,1449,53452,35123,9436,1350,55592,38723,9586,465,45527,42071,8861,740,48769,42972,7495,537,46676,45795,10859,908,50565,48551,12126,1076,50328,52315,14162,970,47390,54531.07,10298,1152,54388,54051,16847,1608,53171,50129,17111,1192,61093.4,50984.36,12889.67,365.26,35384.61,39458.34,12393.65,145.05
,Capiz,78750,2580,3359,99498,73116,1055,42235,52925,76600,2667,48357,17543,57453,657,54469,19348,73840,48,13405,77322,79348,0,21880,63456,108628,1156,430,82000,74558,1412,72998,16988,83070,2600,84191,9890,66235,10190,90168,9922,64182,6371,48299,42338,69439,290,25893,69414,84285,11598,65990,18454,68173,26476,63246,31788,58262,23788,73181,35926,75651,21870,51011,57751,79795,13084,63476,47462,68733,19714,73865,41947,72182,19006,74741,44250,71478,16861,87838,27823,69266,16685,83104,30032,54118,16194,82550,44330,64300,23288,105195,53703,61275,12010,88811,62515,72656,14690,95206,60172,78342,10787,99961,66056,66620,13440,102742,41580,51942,12116,33170,89824,44956,8563,19808,85934,58410,3916,63305,50325,79345,13885,78534,62709,67248,28461,54992,88165,78336,7250,26214,93162,94888,31990.61,62864,58183,87288,47263,84423.6,47730.8,94086.43,33359,80104.97,43300.6,90992.58,39946.8,64286.86,36303.52,97701.7,14694
,Guimaras,0,0,0,0,0,0,0,0,0,0,0,0,0,0,0,0,0,0,0,0,0,0,0,0,0,0,0,0,8459,0,10342,1684,5850,0,12567,3600,10730,180,15122,3912,7776,117,10290,8896,1183,0,18893,4800,9600,797,15600,5307,4956,18,15411,12428,6972,0,7800,14616,6294,0,2912,23153,3322,0,14496,10912,5831,0,18334,12498,5595,0,21068,9153,4919,0,19573,11755,3451,0,13062,15544,7062,213,14527,15560,6736,310,14688,17278,4263,198,10635,16319,6016,907,22362,7179,5718,1139,22964,8982,3940,139,16140,15181,8315,126,14998,14944,4229,16,9711,16016,1599,0,19347,12447,8040,250,19001,16022,5300,67,18583,10471,7162,27,3786,24694,10262,150,19558,18574,10049,240,14955,20298.75,10447,281.19,21698.65,15943,7699,300,12384,16960,5892,113
,Iloilo,130852,5738,23062,213162,85851,153,65770,146981,126933,1195,73874,68803,55203,19,81853,49660,112407,49,21756,172586,76708,0,18238,204360,117742,0,15875,172645,137774,0,98350,43071,47275,0,85383,85491,96830,756,78630,68123,76740,4641,38430,90874,14631,0,30264,68203,96272,5655,90002,44220,61814,1600,91262,72622,79430,5439,90256,95816,91956,495,68007,163878,61681,36,98202,120756,79310,54,147760,120794,66044,43,75456,117810,85603,140,119361,119572,76499,640,150032,133227,110258,1096,159425,123900,116302,12209,193000,74634,58612,260,75967,150725,154285,8130,220944,91663,134898,8235,245251,154172,74832,3610,182906,173402,145080,7841,105497,194962,142368,2966,97880,216592,96338,872,99217,216831,168720,7641.72,173224,190675,171541,8072,185677.95,188067,152711.6,5499.93,119858,213906.35,187031,6497.39,158116.49,226413,198381,10187,197313.03,196226.99,197593,8172.7,207273.17,188706,210249.38,6805.9,184802.88,208663.15,203480.82,3937.52
Palay,Aklan,27439,14611,8719,25502,35202,5475,20804,17748,36088,59,14822,34186,33576,385,35314,6850,39508,150,29085,14925,37966,16,23758,28710,71087,200,17787,42993,57490,2150,39739,16465,55958,4219,29901,22100,47794,7042,43893,11924,52718,3435,14994,40849,51595,421,28107,19101,46555,13723,45739,19507,33971,18118,36981,34859,49430,8322,30076,36038,58142,3706,17886,46734,57369,9490,17486,47135,72953,10868,57578,14926,73097,5699,32373,39263,56406,6471,55724,17554,55210,3969,28633,53762,38583,7248,50927,32560,33736,12184,54687,39750,43058,2572,6072,51923,45999,12604,48791,19263,48536,9486,23385,48238,45231,12870,28103,49089,36525,9427,14351,44409,37827,6663,5168,56671,37135,6586,18586,39164,44945,11559,28786,36507,45402,9727,29361,22117.8,39242,5895,8428.74,40596.84,41985.85,10238,30312.3,39771.04,27794,11709,20921.11,46123,38333.75,13086.87,22797.65,37362.35,27027.73,7178,13753.35,36979.9,27093,2910
,Antique,32165,7440,18966,38624,28935,4366,27297,26329,26175,3729,25357,36939,21762,3334,26190,33878,36021,4520,13800,81171,32460,2810,13002,80046,31420,4331,13029,79745,31302,12456,30575,30205,26392,13650,27954,44608,53998,27864,45318,55272,41319,28029,66608,41405,36080,18863,71304,50946,48820,32497,57278,40629,46796,35326,69165,60081,53886,28412,59520,58696,53210,26855,72270,69634,28879,8406,98496,81273,49660,16700,89642,58086,41328,19828,87004,84176,59106,19472,79351,72225,58337,18455,77637,88748,64195,23938,79758,76463,56361,26026,98483,70043,33150,7471,66273,104572,71010,20792,109167,86067,52798,20687,109197,90786,59109,19613,113203,94697,59566,15525,101196,103797,57611,15683,102716,109193,53356,11302,99894,110377,60291,14510,106162,112135,62383,18305,105336,121434,66583,13842,91811,140471.57,32570,14320,114918,103723,65235,21525,114041,101945,65558,20338,129457.4,97708.33,62572.02,16831.08,83243.31,86173.24,57187.09,12177.25
,Capiz,97290,3385,3765,121401,90988,1055,61204,60239,94581,3845,70514,22312,70836,1063,75785,27652,92670,502,22596,95883,101971,1034,35359,77424,133136,2113,5630,104051,94998,7491,93717,27423,103530,10760,107661,17870,81745,23442,113443,20226,81747,12052,65162,53953,80093,8087,35461,85308,105145,27445,85488,30872,87231,41887,86784,42584,74496,38566,97051,49315,95498,36771,71905,77423,110264,25245,90745,71267,93089,45957,101649,65021,97030,42950,100913,68316,97025,39111,117115,50628,94311,41566,118395,61161,77150,44064,108190,88730,90057,49508,135758,98659,87833,29620,114690,103465,98239,39730,121806,89319,103837,31236,127222,98619,96950,34438,130628,60372,73740,32255,61665,123498,61448,27088,50459,117828,84180,17193,93623,79904,111258,35660,114115,87444,90172,53603,87021,116333,106105,19182,45914,130567,130048,49297.01,97602,86325.68,119637,67648.28,121121.68,75402.6,126392.73,45422,114622.27,68412.66,125471.76,54098.09,91180.46,52530.27,132327,27216.75
,Guimaras,0,0,0,0,0,0,0,0,0,0,0,0,0,0,0,0,0,0,0,0,0,0,0,0,0,0,0,0,15582,2715,14000,2524,7168,83,13095,6430,12480,630,17517,4989,9590,902,12667,12671,3083,20,22583,9005,12878,1524,19441,7333,7764,1304,18828,16778,10716,1144,11574,18367,8252,1104,2912,28538,7732,98,19496,14032,7602,95,22665,16040,8701,204,26528,11443,8754,158,24352,15220,6178,150,17148,20278,10549,1078,19192,20160,10445,916,20241,21122,7344,790,14560,20022,9398,2652,28475,10888,9711,3074,28863,13777,6271,470,20540,18785,11667,755,18904,19876,6642,221,11879,21412,2772,9,22210,17658,10333,555,21843,22591,7834,195,22513,15186,10693,165,5275,31593,14455,681,25366,24489,14122,974,18838,27342.75,14775,1192.19,27734.65,21277,12838,1320,16431,23411,9729,457
,Iloilo,189039,20481,29885,294762,167542,1409,123755,212057,191280,14419,131954,131635,89763,1383,144145,117122,180431,7145,47543,265630,134427,9950,38809,377034,226409,15953,65972,400597,256546,28008,250870,134043,145791,12251,185315,210131,231770,27816,195173,154167,186939,22132,134193,207794,86045,2515,77405,175227,228126,51147,186022,136290,172174,30475,208021,188623,182260,44855,203552,205247,208026,45347,145821,336929,195986,11812,283766,237804,238616,22879,347517,220015,209951,29007,177879,253463,256025,31751,302819,264051,190795,32259,315184,285138,296162,50546,328378,267200,272580,65161,404560,201749,168525,4760,165000,321685,325883,50400,379704,203252,283249,37628,411113,263412,204618,22194,304513,291127,290793,27546,196282,332015,290779,16308,188423,381566,210076,10123,161238,368262,325217,20233.72,304445,287373,314475,21348,321039.95,282469,282782.6,15593.93,195223,344237.35,333490,18926.38,270410.49,370963,355040,28323,333985.03,301640.99,346539,22864.7,352244.17,294940,365912.38,16001.77,315446.88,368704.49,352772.82,9986.18
White Corn,Aklan,0,80,100,0,0,0,0,0,0,0,0,0,0,0,0,0,0,0,0,0,0,0,0,0,0,0,0,9,0,35,17,17,18,25,12,6,7,18,3,2,8,11,4,5,9,12,5,3,5,9,4,3,6,7,5,5,9,12,8,5,12,13,6,2,15,20,6,3,11,13,6,3,15,21,18,18,8,11,40,24,3,36,28,29,19,30,15,18,20,15,86,110,132,17,25,28,35,44,89,56,80,69,271,65,402,260,330,73,130,87,163,381,278,115,111,253,168,84,140,206,122,157,119,128,108,239,198,135,144.3,227,225.59,121.12,152.22,264.69,422.28,369.19,136,221,445.6,326.83,94.4,157.68,369.59,315.18,54.43,251.26,435.9,178.44,102,65
,Antique,2,43,0,0,154,35,273,0,73,74,164,0,53,15,164,0,48,60,250,0,35,48,228,0,30,56,256,0,46,180,63,0,26,27,76,0,62,274,18,0,60,326,15,0,15,9,8,0,9,26,7,0,17,126,7,0,27,152,8,0,47,96,19,0,8,9,14,0,50,196,55,0,41,305,99,0,105,488,72,16,127,386,124,16,156,442,95,11,87,415,285,23,66,14,136,36,46,234,186,13,56,304,180,28,68,202,231,17,75,257,232,22,69,171,252,23,52,152,238,30,79,171,236,23,154,267,243.8,60,232,241,351,107.1,342,195.27,443,62,349.21,216.15,465.81,54.88,267,287,664,58.83,300.04,330.34,613.36,102.36,405.25,243.93
,Capiz,341,51,285,0,293,160,101,0,66,0,60,0,178,0,34,0,30,140,22,0,58,0,37,0,156,0,100,0,91,37,64,0,89,48,110,0,56,23,101,0,75,25,69,35,86,15,72,4,40,12,45,3,30,18,50,6,28,30,78,4,32,29,66,25,26,48,71,17,35,52,85,17,96,64,100,24,112,60,91,7,140,64,135,0,110,73,90,8,104,87,72,216,84,71,123,150,143,126,98,95,323,80,122,128,230,109,150,110,168,146,1034,265,156,156,250,283,292,58,270,162,280,140,315,188,294,148,330,203,331,130,362,252,298,191.97,429.7,275.5,284,203,461.4,293.6,358.65,101,530.4,316.92,223.7,206.63,645,350.22,352.75,135.84
,Guimaras,0,0,0,0,0,0,0,0,0,0,0,0,0,0,0,0,0,0,0,0,0,0,0,0,0,0,0,0,60,95,167,8,27,0,720,16,40,53,835,56,40,5,254,93,90,0,866,150,115,98,261,97,52,70,303,19,57,54,240,70,34,38,130,0,50,0,390,50,25,5,613,20,75,20,511,12,76,24,544,16,59,12,428,50,80,13,307,66,59,17,476,78,25,2,282,78,28,43,428,66,16,34,442,45,5,4,448,16,9,4,552,40,25,2,364,34,7,0.7,291,52,46,11,563,75,34,13,681,24,28,3,555,117,56,8,822,145,67,23,744,169,84,25.36,563,171,94,33,324,128,80,24
,Iloilo,478,252,1770,5,280,226,943,0,180,229,594,9,181,156,1103,0,192,264,1434,11,204,0,2358,88,552,75,2650,101,1240,1081,2042,88,1330,300,5029,64,2293,912,2311,202,1032,1032,6240,160,1139,8,5054,220,957,1634,2883,156,4821,2467,4198,300,1766,2673,3000,320,2869,1453,5921,196,3436,706,7317,250,1914,2322,8743,390,4260,2476,12000,400,4782,4418,10037,1829,4675,3258,14976,1610,8100,8247,10755,6800,10440,4160,4575,1818,3120,5063,7435,2084,6752,8878,9717,1038,6003,10228,12639,1802,5656,8180,15933,2360,4963,6545,13157,2235,5573,3952,12937,2097,4320,1202,8826,1626,3045,3095,6227,1094,1964,2142,6350.5,918.29,1903,1484.03,5886.81,966.05,1623.86,1712.35,7266.72,991.8,1990,1868.87,3569.1,655,975.18,1596.51,2979.98,513.86,1118.88,1808.93,3178.19,880.23,738.43,601.73
Yellow Corn,Aklan,47,223,170,25,32,385,294,41,0,431,202,76,30,408,285,93,9,408,169,131,12,349,212,118,100,367,170,87,0,510,221,224,204,212,211,169,205,439,83,42,191,110,74,42,235,112,70,29,75,53,42,32,75,103,28,16,40,84,36,15,89,128,27,9,66,78,24,6,57,70,20,9,97,102,189,162,2,170,223,88,21,299,379,477,6,210,48,136,47,430,475,402,69,78,240,206,165,499,1516,413,196,360,441,375,47,1070,790,186,310,325,488,777,415,298,392,569,457,529,526,578,334,569,888,687,309,1094,726,817.3,327.4,1059,782.9,829.7,337.06,1136.28,840.87,390.34,281,898,774,325.33,214.88,735.76,692.12,231.23,182.04,1143.99,843.68,196.88,278,219
,Antique,35,625,675,0,522,133,598,0,780,128,564,0,540,85,569,0,675,140,950,0,374,125,698,0,245,238,529,0,640,1513,164,0,275,390,382,0,356,1410,86,0,336,2275,105,0,180,108,68,0,71,2100,60,0,66,2175,60,0,107,2295,60,0,130,595,60,0,32,92,64,0,123,2175,131,684,867,4992,624,216,890,6108,312,233,982,5137,1085,294,1375,5835,870,158,2633,5514,742,165,972,162,179,155,645,2972,580,73,678,3632,525,99,922,2317,687,94,970,2990,720,104,874,2013,746,100,720,2493,719,129,1904,2955,744,107,2282,4565,1036,213,2836,4187,1361,462.65,3192,4307.12,1439,143,2431,4408,993.83,128.96,2170,4618,998,307.49,3170.77,4715.28,882.08,296.4,1370.75,3543.36
,Capiz,4241,292,6465,302,1116,2197,4035,557,495,2232,3179,799,2020,1960,3698,980,612,4515,2868,1582,554,3411,3852,1580,1533,3280,2921,612,1162,2793,4022,308,1907,1647,5076,735,1774,1264,5706,476,1564,3561,8562,153,2721,544,12907,78,785,1605,3480,97,886,1016,2512,938,1012,1014,3799,409,1133,1163,4993,1098,4889,2916,7176,890,4769,1989,12474,1080,17183,2592,20292,2808,17433,5196,17640,1515,20384,10580,43472,2387,23020,9442,20550,5400,21276,16380,14645,5150,11065,7489,16545,6023,12854,11960,16267,5540,18170,10395,15170,6410,17840,10350,18519,5350,15095,12396,22765,7197,14928,14158,24634,8350,19296,2147,26724,7292,21547,4965,23811,5053,21634,8317,29039,5725,22285,9584,29900,5792,18861,9990.3,30184.5,5630,15560,6555,27538,6096.64,28548.2,4534,24020.55,8986.55,21897,7016.8,27107.55,6089,27579.9,10971.5
,Guimaras,0,0,0,0,0,0,0,0,0,0,0,0,0,0,0,0,0,0,0,0,0,0,0,0,0,0,0,0,338,0,1177,29,70,0,240,10,20,0,238,9,14,0,82,0,20,0,136,33,20,0,108,60,21,32,241,32,35,25,144,62,18,22,196,0,32,0,270,50,32,13,430,75,79,14,260,48,108,29,286,75,250,93,272,411,236,25,216,165,140,16,314,163,64,3,119,130,74,18,34,24,6,16,35,19,3,3,72,75,58,8,190,62,30,1,15,166,83,0.75,50,312,208,24,94,90,8,27,1199,475,17.5,4,298,123,43,7,867,166,64,16,850,236,85,21.46,752,280,122,38,415,163,105,32
,Iloilo,3658,1137,11510,850,3034,1538,13439,916,1951,1333,12009,828,1091,448,7005,484,1034,1037,8683,530,3041,392,12431,816,9060,912,16188,876,6585,2453,16767,661,9322,529,8091,605,9063,2978,13028,931,6234,2319,18325,585,3413,5,15670,1200,4474,7123,10428,107,10067,3780,10273,600,4733,3944,12512,1462,11940,2460,15300,51,27732,795,28981,650,16654,3335,32367,1005,29277,4400,36568,462,34080,15092,70295,1824,30176,12250,80663,800,94500,14900,49032,6200,47357,4800,42850,8546,28018,1940,28251,46230,65204,5943,55584,11723,66811,6525,58184,13753,51794,3894,69986,16995,47251,6672,43201,24723,49830,3434,44926,20382,20347,807,18772,33346,35682,5871,22450,10447,28531,3116,28430.82,5888.1,29130,2290.51,21737.59,10145.7,26299.44,3968.4,29437.86,8778.14,42629,7510.4,54454.5,7252.56,48770.59,5102.55,42237.36,5529.36,49679.34,6205.35,44195.72,7440.96,43446.42,2332.16
Corn,Aklan,47,303,270,25,32,385,294,41,0,431,202,76,30,408,285,93,9,408,169,131,12,349,212,118,100,367,170,96,0,545,238,241,222,237,223,175,212,457,86,44,199,121,78,47,244,124,75,32,80,62,46,35,81,110,33,21,49,96,44,20,101,141,33,11,81,98,30,9,68,83,26,12,112,123,207,180,10,181,263,112,24,335,407,506,25,240,63,154,67,445,561,512,201,95,265,234,200,543,1605,469,276,429,712,440,449,1330,1120,259,440,412,651,1158,693,413,503,822,625,613,666,784,456,726,1007,815,417,1333,924,952.3,471.7,1286,1008.49,950.82,489.28,1400.97,1263.15,759.53,417,1119,1219.6,652.16,309.28,893.44,1061.71,546.41,236.47,1395.25,1279.58,375.32,380,284
,Antique,37,668,675,0,676,168,871,0,853,202,728,0,593,100,733,0,723,200,1200,0,409,173,926,0,275,294,785,0,686,1693,227,0,301,417,458,0,418,1684,104,0,396,2601,120,0,195,117,76,0,80,2126,67,0,83,2301,67,0,134,2447,68,0,177,691,79,0,40,101,78,0,173,2371,186,684,908,5297,723,216,995,6596,384,249,1109,5523,1209,310,1531,6277,965,169,2720,5929,1027,188,1038,176,315,191,691,3206,766,86,734,3936,705,127,990,2519,918,111,1045,3247,952,126,943,2184,998,123,772,2645,957,159,1983,3126,980,130,2436,4832,1279.8,273,3068,4428,1712,569.75,3534,4502.39,1882,205,2780.21,4624.15,1459.64,183.84,2437,4905,1662,366.32,3470.81,5045.62,1495.44,398.76,1776,3787.29
,Capiz,4582,343,6750,302,1409,2357,4136,557,561,2232,3239,799,2198,1960,3732,980,642,4655,2890,1582,612,3411,3889,1580,1689,3280,3021,612,1253,2830,4086,308,1996,1695,5186,735,1830,1287,5807,476,1639,3586,8631,188,2807,559,12979,82,825,1617,3525,100,916,1034,2562,944,1040,1044,3877,413,1165,1192,5059,1123,4915,2964,7247,907,4804,2041,12559,1097,17279,2656,20392,2832,17545,5256,17731,1522,20524,10644,43607,2387,23130,9515,20640,5408,21380,16467,14717,5366,11149,7560,16668,6173,12997,12086,16365,5635,18493,10475,15292,6538,18070,10459,18669,5460,15263,12542,23799,7462,15084,14314,24884,8633,19588,2205,26994,7454,21827,5105,24126,5241,21928,8465,29369,5928,22616,9714,30262,6044,19159,10182.27,30614.2,5905.5,15844,6758,27999.4,6390.24,28906.85,4635,24550.95,9303.47,22120.7,7223.43,27752.55,6439.22,27932.65,11107.34
,Guimaras,0,0,0,0,0,0,0,0,0,0,0,0,0,0,0,0,0,0,0,0,0,0,0,0,0,0,0,0,398,95,1344,37,97,0,960,26,60,53,1073,65,54,5,336,93,110,0,1002,183,135,98,369,157,73,102,544,51,92,79,384,132,52,60,326,0,82,0,660,100,57,18,1043,95,154,34,771,60,184,53,830,91,309,105,700,461,316,38,523,231,199,33,790,241,89,5,401,208,102,61,462,90,22,50,477,64,8,7,520,91,67,12,742,102,55,3,379,200,90,1.45,341,364,254,35,657,165,42,40,1880,499,45.5,7,853,240,99,15,1689,311,131,39,1594,405,169,46.82,1315,451,216,71,739,291,185,56
,Iloilo,4136,1389,13280,855,3314,1764,14382,916,2131,1562,12603,837,1272,604,8108,484,1226,1301,10117,541,3245,392,14789,904,9612,987,18838,977,7825,3534,18809,749,10652,829,13120,669,11356,3890,15339,1133,7266,3351,24565,745,4552,13,20724,1420,5431,8757,13311,263,14888,6247,14471,900,6499,6617,15512,1782,14809,3913,21221,247,31168,1501,36298,900,18568,5657,41110,1395,33537,6876,48568,862,38862,19510,80332,3653,34851,15508,95639,2410,102600,23147,59787,13000,57797,8960,47425,10364,31138,7003,35686,48314,71956,14821,65301,12761,72814,16753,70823,15555,57450,12074,85919,19355,52214,13217,56358,26958,55403,7386,57863,22479,24667,2009,27598,34972,38727,8966,28677,11541,30495,5258,34781.32,6806.39,31033,3774.54,27624.4,11111.75,27923.3,5680.75,36704.58,9769.94,44619,9379.27,58023.6,7907.56,49745.77,6699.06,45217.34,6043.22,50798.22,8014.28,47373.91,8321.19,44184.85,2933.89
